{"Neural Network Name": "Optimal Threshold Value", "cloud_id_day_nn_w-era": 0.507079005241394, "cloud_id_day_nn_wo-era": 0.5934834480285645, "cloud_id_night_nn_w-era": 0.5801169872283936, "cloud_id_twilight_nn_w-era": 0.3706129193305969, "cloud_id_night_nn_wo-era": 0.5608519911766052, "cloud_id_twilight_nn_wo-era": 0.47807666659355164, "cloud_phase_day_nn_w-era": 0.4740816056728363, "cloud_phase_day_nn_wo-era": 0.548406720161438, "cloud_phase_night_nn_wo-era": 0.553857684135437, "cloud_phase_night_nn_w-era": 0.6272481083869934, "cloud_phase_twilight_nn_wo-era": 0.20555254817008972, "cloud_phase_twilight_nn_w-era": 0.7210725545883179}