{"Neural Network Name": "Optimal Threshold Value", "cloud_id_day_nn_wo-era": 0.49138790369033813, "cloud_id_night_nn_wo-era": 0.4872121512889862, "cloud_id_twilight_nn_wo-era": 0.3102107346057892}