{"Neural Network Name": "Optimal Threshold Value", "cloud_id_day_nn_wo-era": 0.49271073937416077, "cloud_id_night_nn_wo-era": 0.4913378357887268, "cloud_id_twilight_nn_wo-era": 0.46009016036987305}
