{"Neural Network Name": "Optimal Threshold Value", "cloud_id_day_nn_w-era": 0.5139781832695007, "cloud_id_day_nn_wo-era": 0.49271073937416077, "cloud_id_night_nn_w-era": 0.5093528032302856, "cloud_id_twilight_nn_w-era": 0.30456846952438354, "cloud_id_night_nn_wo-era": 0.4913378357887268, "cloud_id_twilight_nn_wo-era": 0.46009016036987305, "cloud_phase_day_nn_w-era": 0.5615712404251099, "cloud_phase_day_nn_wo-era": 0.476321816444397, "cloud_phase_night_nn_wo-era": 0.5454425811767578, "cloud_phase_night_nn_w-era": 0.34733444452285767, "cloud_phase_twilight_nn_wo-era": 0.6271896362304688, "cloud_phase_twilight_nn_w-era": 0.6645431518554688, "aerosol_id_day_nn_wo-era": 0.5591928958892822, "aerosol_id_day_nn_w-era": 0.5865611433982849, "aerosol_id_night_nn_wo-era": 0.509736955165863, "aerosol_id_twilight_nn_wo-era": 0.5233420133590698, "aerosol_id_night_nn_w-era": 0.5466071963310242, "aerosol_id_twilight_nn_w-era": 0.3727867603302002, "aerosol_type_day_nn_w-era": 0.02755144238471985, "aerosol_type_day_nn_wo-era": 0.07824233174324036, "aerosol_type_night_nn_w-era": 0.2962847054004669, "aerosol_type_twilight_nn_w-era": 0.10354211926460266, "aerosol_type_night_nn_wo-era": 0.6723635196685791, "aerosol_type_twilight_nn_wo-era": 0.38006943464279175, "thick_aerosol_id_day_nn_wo-era": 0.48920556902885437, "thick_aerosol_id_night_nn_wo-era": 0.41536661982536316, "thick_aerosol_id_twilight_nn_wo-era": 0.4835868179798126}